{
  "singular_values": [
    11.32062175767682,
    11.04384261203117,
    10.054649824602835,
    9.986561031594492,
    9.353303850886054,
    9.106774880563096,
    8.996186618144565,
    8.758670247836717,
    8.464723261085805,
    8.373852472451356,
    8.07723344857835,
    7.864792893429641,
    7.536463913532695,
    7.396157817310164,
    7.075686813978305,
    6.645365113763027,
    6.484856065473702,
    6.325772410225902,
    6.019674521291561,
    5.556746094572809,
    0.0,
    0.0
  ],
  "topics": [
    {
      "index": 0,
      "top_words": [
        [
          "влажность",
          -0.32123148196763973
        ],
        [
          "утром",
          -0.30644605941513986
        ],
        [
          "возможный",
          -0.28729070474597074
        ],
        [
          "ночью",
          -0.27783188355143096
        ],
        [
          "температура",
          -0.2739442556022742
        ]
      ],
      "top_docs": [
        [
          "Doc 2",
          -0.4892465761388227
        ],
        [
          "Doc 20",
          -0.48387519628846787
        ],
        [
          "Doc 16",
          -0.4283633428040498
        ],
        [
          "Doc 12",
          -0.34964132086042576
        ],
        [
          "Doc 10",
          -0.27076363415297416
        ]
      ]
    },
    {
      "index": 1,
      "top_words": [
        [
          "стена",
          -0.3713501349831432
        ],
        [
          "выравнивание",
          -0.36916378732892996
        ],
        [
          "требовать",
          -0.22204420358349744
        ],
        [
          "укладка",
          -0.2158936652693538
        ],
        [
          "плитка",
          -0.19647820846338812
        ]
      ],
      "top_docs": [
        [
          "Doc 19",
          -0.5378195100087636
        ],
        [
          "Doc 21",
          -0.3923919122048663
        ],
        [
          "Doc 15",
          -0.3789530610500542
        ],
        [
          "Doc 9",
          -0.30480855434483156
        ],
        [
          "Doc 3",
          -0.3042677649572908
        ]
      ]
    }
  ]
}